ticket_id,created_at,channel,category,priority_assigned,first_response_min,resolution_min,agent_name,escalated,csat_score,agent_internal_notes
T-4801,2026-01-02 9:14,chat,Magic Import - Error,Low,3,18,Maria S.,No,5,User uploaded a PNG whiteboard photo. Got 'processing failed' error. Had them retry and it worked on second attempt. Seemed like a transient timeout.
T-4802,2026-01-02 9:31,email,Billing - Invoice Question,Medium,47,92,James K.,No,3,"Customer asked why their January invoice was $400 higher than expected. Had to check Salesforce for contract tier, then admin portal for seat count, then billing dashboard. Took me 25 min just to gather the info before I could even start responding."
T-4803,2026-01-02 10:02,chat,Canvas - Performance,Low,4,11,Maria S.,No,5,Canvas lagging with 200+ objects. Recommended splitting into pages. Quick fix.
T-4804,2026-01-02 10:45,chat,Magic Import - Quality,Low,6,34,Devon R.,No,4,"Import of a 30-page PDF produced messy layout. Told user to wait for Design Curation review. Customer said 'this is the third time this week I've had to wait — my team is losing patience.' Enterprise account (Meridian Health, 450 seats)."
T-4805,2026-01-02 11:03,email,Account - Access,High,22,67,James K.,Yes,2,New enterprise onboarding — 80 users can't access workspace. SSO config issue. Had to escalate to engineering Slack channel. No response for 3.5 hours. Customer CEO emailed our CEO directly.
T-4806,2026-01-02 11:18,chat,Magic Import - Error,Low,2,15,Devon R.,No,5,Spreadsheet import failed. User retried and it worked. Same transient error pattern as T-4801.
T-4807,2026-01-02 13:22,voice,Billing - Refund Request,Medium,1,43,Priya M.,No,4,"Customer wants refund for unused seats. Policy says no mid-cycle refunds, but I had to check three places to confirm: the Google Sheet policy doc, the admin portal, and Salesforce. Policy sheet was last updated in November — not sure if it's current."
T-4808,2026-01-02 14:01,chat,Magic Import - Error,Low,5,22,Maria S.,No,4,Another processing timeout on image upload. Third one today. User frustrated — said 'does this feature actually work?' Told them to retry. It worked. We should probably be tracking these.
T-4809,2026-01-02 14:33,chat,Canvas - Feature Request,Low,3,8,Devon R.,No,5,User wants dark mode. Sent to feature request form. Easy.
T-4810,2026-01-02 15:15,email,Account - Downgrade,Low,51,124,James K.,No,2,"Enterprise customer (Luma Analytics, 200 seats) wants to downgrade. VP of Product there says 'Magic Import quality has degraded significantly since we onboarded 4 months ago.' I flagged in #customer-health but no one responded. This feels like churn risk not just a support ticket."
T-4811,2026-01-02 16:40,chat,Magic Import - Quality,Low,4,41,Priya M.,No,3,User uploaded architectural blueprints. AI output was unusable — misidentified structural elements as text. Routed to Design Curation. Queue shows 67 hour wait. Told customer 2-3 hours per our SLA. That's not going to happen.
T-4812,2026-01-02 17:02,chat,Canvas - Collaboration,Medium,7,29,Maria S.,No,4,Real-time cursors not syncing between users. Had them clear cache and rejoin. Worked. Known intermittent issue per eng but no public status page or internal knowledge article about it.
T-4813,2026-01-02 19:45,chat,Account - Access,High,34,187,Devon R.,Yes,1,"Enterprise SSO broken for entire org (CoreVista, 300 seats). Tier 2 not available — no one staffed after 6pm EST. Left in queue. Picked back up at 9am next day. Customer lost an entire evening of work across their team."
T-4814,2026-01-02 20:12,chat,Magic Import - Error,Low,8,19,Devon R.,No,4,PDF import failed. Retry worked. I used Sarah's workaround macro to send the 'please retry' message — saves a lot of typing since we send this 15+ times per day.
T-4815,2026-01-02 22:30,email,Billing - Invoice Question,Medium,412,485,James K.,No,1,"Came in overnight. No one picked it up until morning. Customer had replied twice asking for an update before we even opened it. Enterprise account (DataForge, 175 seats). James noted: 'email tickets from enterprise accounts shouldn't sit overnight but we have no way to flag them automatically.'"
T-4816,2026-01-03 8:15,chat,Magic Import - Quality,Low,3,38,Priya M.,No,3,Handwritten notes scan came out garbled. Routed to Curation. Customer asked for ETA — I said 2-3 hours. Actual queue is now 70+ hours. I don't feel good about this.
T-4817,2026-01-03 8:44,voice,Account - Access,High,2,23,Priya M.,No,5,Password reset. Quick resolution. Voice channel works well for these.
T-4818,2026-01-03 9:10,chat,Magic Import - Error,Low,4,16,Maria S.,No,5,Image import timeout. Retry fixed it. Fourth day in a row we're seeing this pattern during morning hours. Possibly related to batch processing load?
T-4819,2026-01-03 9:30,email,Canvas - Integration,Medium,38,156,James K.,Yes,3,Customer needs Jira integration support. Our docs are outdated — still reference v1 API. I had to ping engineering in Slack to get current setup instructions. Took 2 hours to get a response. We need updated KB articles badly.
T-4820,2026-01-03 10:15,chat,Billing - Overcharge,High,5,52,Devon R.,Yes,2,"Customer charged twice for same billing period. I found the duplicate in admin portal but can't issue refunds from there — had to go to Stripe dashboard, then back to Salesforce to log it, then email Finance team for approval. Four systems to fix one billing error. Customer was furious. This has happened 3 times this month."
T-4821,2026-01-03 10:45,chat,Magic Import - Error,Low,3,14,Maria S.,No,5,Transient import failure on CSV upload. Retry resolved. I've started keeping a personal tally — this is the 23rd retry-resolved import error I've handled this week.
T-4822,2026-01-03 11:00,chat,Canvas - Performance,Low,5,9,Devon R.,No,5,Slow load time. User on older browser. Recommended Chrome update. Resolved.
T-4823,2026-01-03 11:30,email,Account - Enterprise Onboarding,High,62,340,James K.,Yes,1,"New enterprise customer (NovaTech, 500 seats) onboarding. SSO, custom domain, and data residency requirements. No runbook exists for complex onboarding. I had to coordinate across 4 Slack channels and 3 teams over 2 days. Customer's IT director said 'this is the most disorganized onboarding we've ever experienced.'"
T-4824,2026-01-03 13:00,chat,Magic Import - Quality,Low,4,45,Priya M.,No,2,"Complex flowchart PDF. AI completely mangled the connector lines and label positioning. Customer is a design lead at Meridian Health (same enterprise from T-4804). Said 'if this isn't fixed by Friday, I'm recommending we switch to Miro.' Second complaint from this account in 2 days."
T-4825,2026-01-03 14:22,chat,Canvas - Feature Request,Low,3,7,Maria S.,No,5,Wants keyboard shortcuts for alignment. Logged in feature tracker.
T-4826,2026-01-03 15:00,voice,Magic Import - Error,Medium,1,28,Priya M.,No,4,User called about repeated import failures. Talked them through it on the call — it was a file size issue (>50MB). Our error message just says 'processing failed' with no mention of size limits. User said 'your error messages are useless.' They're right.
T-4827,2026-01-03 15:45,chat,Billing - Contract,Medium,6,67,Devon R.,No,3,"Customer asking about annual vs monthly pricing for upgrade. Had to check Salesforce for their current contract, then the Google Sheet pricing matrix, then confirm with Sales in Slack. Three sources for pricing info that should be in one place."
T-4828,2026-01-03 16:30,email,Account - Cancellation,Low,88,142,James K.,No,2,"DataForge (175 seats, same account from T-4815) submitting cancellation request. Reason: 'poor support responsiveness and Magic Import quality regression.' This is the third enterprise cancellation request this month citing the same two reasons."
T-4829,2026-01-03 18:15,chat,Account - Access,High,41,195,Devon R.,Yes,1,"After-hours SSO emergency. Same pattern as T-4813 — no Tier 2 coverage after 6pm. Customer (Ridgeline Corp, 250 seats) locked out during a client presentation. Devon noted: 'This is the second after-hours SSO emergency this week. We are going to lose enterprise customers over this.'"
T-4830,2026-01-03 20:00,chat,Magic Import - Error,Low,7,17,Devon R.,No,4,"Import timeout. Retry worked. Evening shift, lighter load — still happening though. Maybe not just a load issue."